name,image,category,hobby_detail_url
Cats,https://www.discoverahobby.com//uploads/activity/284_1563470968-304x207.jpeg?token=62e5863581458a5fa04b0e56e73e624d,Pets,https://www.discoverahobby.com/cats
Ferrets,https://www.discoverahobby.com//uploads/activity/285_1563470952-304x207.jpg?token=016758306fa7679bcc8116e61648a002,Pets,https://www.discoverahobby.com/ferrets
Insect-Spiders,https://www.discoverahobby.com//uploads/activity/286_1563470937-304x207.jpeg?token=4fd0673d3133487665e957978e32afa1,Pets,https://www.discoverahobby.com/insect-spiders
Rabbits,https://www.discoverahobby.com//uploads/activity/287_1563470923-304x207.jpg?token=064250780c511fb4adb385b443da1c84,Pets,https://www.discoverahobby.com/rabbits
Rodents,https://www.discoverahobby.com//uploads/activity/288_1563470888-304x207.jpg?token=b22add684532d5eb18d7d586056af12e,Pets,https://www.discoverahobby.com/rodents
Turtles,https://www.discoverahobby.com//uploads/activity/289_1563470821-304x207.jpg?token=628c805be66a21a65a5f7f0d10c23ba7,Pets,https://www.discoverahobby.com/turtles
Dogs,https://www.discoverahobby.com//uploads/activity/290_1563470773-304x207.jpg?token=ecec97930df38cf2f63a9f7c7ad72418,Pets,https://www.discoverahobby.com/dogs
Fishkeeping,https://www.discoverahobby.com//uploads/activity/291_1563470756-304x207.jpg?token=3d600ac34d036a26eace0479f256f15c,Pets,https://www.discoverahobby.com/fishkeeping
Parrots,https://www.discoverahobby.com//uploads/activity/292_1563470743-304x207.jpg?token=aa3cecea25b09c65545a040027c9afd5,Pets,https://www.discoverahobby.com/parrots
Reptiles,https://www.discoverahobby.com//uploads/activity/293_1563470725-304x207.jpg?token=ddaade413582062a082d49e089bdad2d,Pets,https://www.discoverahobby.com/reptiles
Snakes,https://www.discoverahobby.com//uploads/activity/294_1563470704-304x207.jpeg?token=6606ce2ca5e54a3a6c6d30a9beae3e27,Pets,https://www.discoverahobby.com/snakes
Animation,https://www.discoverahobby.com//uploads/activity/218_1562571830-304x207.jpg?token=51dadbce5ec08ad6dd8430668e9a41a5,Arts & Crafts ,https://www.discoverahobby.com/animation
Calligraphy,https://www.discoverahobby.com//uploads/activity/219_1562578750-304x207.jpg?token=a9a4bff6a3770e4aeeb043ad54abd69f,Arts & Crafts ,https://www.discoverahobby.com/calligraphy
Ceramics-Pottery,https://www.discoverahobby.com//uploads/activity/220_1562577822-304x207.jpg?token=8aec56993a2d4136ba604c29b105871b,Arts & Crafts ,https://www.discoverahobby.com/ceramics-pottery
Fashion Design,https://www.discoverahobby.com//uploads/activity/221_1563480351-304x207.jpg?token=fbcf133fd03203e48a6c434338a63852,Arts & Crafts ,https://www.discoverahobby.com/fashion-design
Floristry,https://www.discoverahobby.com//uploads/activity/222_1563474730-304x207.jpg?token=61e2da293ee88ee72d50571859f8791a,Arts & Crafts ,https://www.discoverahobby.com/floristry
Graffiti,https://www.discoverahobby.com//uploads/activity/223_1563474639-304x207.jpg?token=6ee7e293d7483b3bc612dc16092e5702,Arts & Crafts ,https://www.discoverahobby.com/graffiti
Knitting,https://www.discoverahobby.com//uploads/activity/224_1563474626-304x207.jpg?token=a4a40984ea178d448180096653c28b5e,Arts & Crafts ,https://www.discoverahobby.com/knitting
Origami,https://www.discoverahobby.com//uploads/activity/225_1562578403-304x207.jpg?token=26eed7ab2aea90162f2b8ff6793e1dd1,Arts & Crafts ,https://www.discoverahobby.com/origami
Paper Airplanes,https://www.discoverahobby.com//uploads/activity/226_1562578446-304x207.jpg?token=c95683407e92b8447d38ea18df06d90b,Arts & Crafts ,https://www.discoverahobby.com/paper-airplanes
Photography,https://www.discoverahobby.com//uploads/activity/227_1562578490-304x207.jpg?token=91aef72286a3debd0819bff5c80a86ca,Arts & Crafts ,https://www.discoverahobby.com/photography
Scrapbooking,https://www.discoverahobby.com//uploads/activity/228_1563474433-304x207.jpg?token=3a45fdd1e5d17be4b12e816330f63e50,Arts & Crafts ,https://www.discoverahobby.com/scrapbooking
Sewing,https://www.discoverahobby.com//uploads/activity/229_1563473983-304x207.jpg?token=402ef735a44cb4011ccc839d286ad3f0,Arts & Crafts ,https://www.discoverahobby.com/sewing
Tattoo,https://www.discoverahobby.com//uploads/activity/230_1563473938-304x207.jpeg?token=3bf0326689ff24efe079683c8a7b52f5,Arts & Crafts ,https://www.discoverahobby.com/tattoo
Architecture,https://www.discoverahobby.com//uploads/activity/231_1560834394-304x207.jpg?token=d5be7b8ebe5446becd9839de1537f6ac,Arts & Crafts ,https://www.discoverahobby.com/architecture
Candle Making,https://www.discoverahobby.com//uploads/activity/232_1563473626-304x207.jpg?token=b635c6479c7518af041bc03dbaaccd2a,Arts & Crafts ,https://www.discoverahobby.com/candle-making
Crochet,https://www.discoverahobby.com//uploads/activity/233_1563473554-304x207.jpg?token=ebebe8c9077e3c31b7a853bf40c98ab8,Arts & Crafts ,https://www.discoverahobby.com/crochet
Film Making,https://www.discoverahobby.com//uploads/activity/234_1562577955-304x207.jpg?token=35e972a444e2659532dacead88f3858f,Arts & Crafts ,https://www.discoverahobby.com/film-making
Gardening,https://www.discoverahobby.com//uploads/activity/235_1563473384-304x207.jpeg?token=651b0ebf7c68e3df7f03caeef413fb23,Arts & Crafts ,https://www.discoverahobby.com/gardening
Jewelry Making,https://www.discoverahobby.com//uploads/activity/236_1562578086-304x207.jpg?token=cd0e17482737ce0d50643214d6923110,Arts & Crafts ,https://www.discoverahobby.com/jewelry-making
Lomography,https://www.discoverahobby.com//uploads/activity/237_1562578181-304x207.jpg?token=4fefd7a7a56930a4c9ae9f4295e1b454,Arts & Crafts ,https://www.discoverahobby.com/lomography
Painting and Drawing,https://www.discoverahobby.com//uploads/activity/238_1562578425-304x207.jpg?token=87f19e543ab763b0116a500b243363ed,Arts & Crafts ,https://www.discoverahobby.com/painting-and-drawing
Papier-Mache,https://www.discoverahobby.com//uploads/activity/239_1562578470-304x207.jpg?token=c8759bb3057bc51295605c00987ca059,Arts & Crafts ,https://www.discoverahobby.com/papier-mache
Quilting,https://www.discoverahobby.com//uploads/activity/240_1562578533-304x207.jpg?token=cbebdf77218336128527ec5e8b8a9387,Arts & Crafts ,https://www.discoverahobby.com/quilting
Sculpting,https://www.discoverahobby.com//uploads/activity/241_1563472959-304x207.jpg?token=494147cb0712a65f29f68563f7e80d4e,Arts & Crafts ,https://www.discoverahobby.com/sculpting
Soap Making,https://www.discoverahobby.com//uploads/activity/242_1564694776-304x207.jpg?token=9ca7c201ad29f906f8085f7a30686e0b,Arts & Crafts ,https://www.discoverahobby.com/soap-making
Woodworking,https://www.discoverahobby.com//uploads/activity/243_1560836411-304x207.jpg?token=4ced939f21e4f53470ffff8745c0f087,Arts & Crafts ,https://www.discoverahobby.com/woodworking
Balloon Art,https://www.discoverahobby.com//uploads/activity/295_1563477327-304x207.jpg?token=dd8c0277ddc1e5545c8f2c86b1d94c7e,Arts & Crafts ,https://www.discoverahobby.com/balloon-art
Slime,https://www.discoverahobby.com//uploads/activity/470_1569017813-304x207.jpg?token=580ecc5697b49f2e9031ce501e884e05,Arts & Crafts ,https://www.discoverahobby.com/slime
Astronomy,https://www.discoverahobby.com//uploads/activity/366_1563469090-304x207.jpeg?token=618baafa844a7f13391583a35f17a847,Spiritual & Mental,https://www.discoverahobby.com/astronomy
Genealogy,https://www.discoverahobby.com//uploads/activity/367_1564606236-304x207.jpg?token=68c552407b1ec89257e6238f966c245c,Spiritual & Mental,https://www.discoverahobby.com/genealogy
Languages,https://www.discoverahobby.com//uploads/activity/369_1563398851-304x207.jpg?token=f1eac0a92a40152507e3521e812eaeda,Spiritual & Mental,https://www.discoverahobby.com/languages
Neuro Linguistic Programming,https://www.discoverahobby.com//uploads/activity/370_1562578377-304x207.jpg?token=f71a9741e371e050887d55e83cc9fd0b,Spiritual & Mental,https://www.discoverahobby.com/neuro-linguistic-programming
Reading,https://www.discoverahobby.com//uploads/activity/371_1563398830-304x207.jpeg?token=5650dc097fbc781f6ea70daba740cc10,Spiritual & Mental,https://www.discoverahobby.com/reading
Sign Language,https://www.discoverahobby.com//uploads/activity/372_1564606342-304x207.jpg?token=8ad59b839e776054b28cc5faa083bbdc,Spiritual & Mental,https://www.discoverahobby.com/sign-language
Speed Reading,https://www.discoverahobby.com//uploads/activity/373_1563398811-304x207.jpg?token=b399149869fa78f1356080fc19e44f4b,Spiritual & Mental,https://www.discoverahobby.com/speed-reading
Freelance Writing,https://www.discoverahobby.com//uploads/activity/374_1563398796-304x207.jpg?token=f3b5af4f04e548fed00d8df5e51b85dd,Spiritual & Mental,https://www.discoverahobby.com/freelance-writing
Novel Writing,https://www.discoverahobby.com//uploads/activity/375_1563398782-304x207.jpg?token=ec488206cc76129743bcffae55543317,Spiritual & Mental,https://www.discoverahobby.com/novel-writing
Play Writing,https://www.discoverahobby.com//uploads/activity/376_1563398768-304x207.jpeg?token=3a350e7a05c4e13543d22711f0d26353,Spiritual & Mental,https://www.discoverahobby.com/play-writing
Poetry,https://www.discoverahobby.com//uploads/activity/377_1563398732-304x207.jpeg?token=9eb3c23e89daa802055e642262c70dbf,Spiritual & Mental,https://www.discoverahobby.com/poetry
Screenwriting,https://www.discoverahobby.com//uploads/activity/378_1563398716-304x207.jpg?token=3f88190b818ecbb727e5e2cf5fafd349,Spiritual & Mental,https://www.discoverahobby.com/screenwriting
Songwriting,https://www.discoverahobby.com//uploads/activity/379_1563398701-304x207.jpg?token=e51fca0ca85ae86dc0db9e11d7d497db,Spiritual & Mental,https://www.discoverahobby.com/songwriting
Astral Projection,https://www.discoverahobby.com//uploads/activity/382_1564606562-304x207.jpg?token=40dc8886da162074bd1235a4c5ba1c35,Spiritual & Mental,https://www.discoverahobby.com/astral-projection
Astrology,https://www.discoverahobby.com//uploads/activity/383_1563398687-304x207.jpg?token=b76ac54b659cc337d67cd59ff0a376f4,Spiritual & Mental,https://www.discoverahobby.com/astrology
Lucid Dreaming,https://www.discoverahobby.com//uploads/activity/384_1564647173-304x207.jpg?token=ee99c53c10986b822617370747067fe2,Spiritual & Mental,https://www.discoverahobby.com/lucid-dreaming
Massage,https://www.discoverahobby.com//uploads/activity/385_1563398668-304x207.jpeg?token=1eb3d402b633b3891ddf5058002067c8,Spiritual & Mental,https://www.discoverahobby.com/massage
Meditation,https://www.discoverahobby.com//uploads/activity/386_1563398655-304x207.jpg?token=bb54b3da9ff937f9f0757230256f266c,Spiritual & Mental,https://www.discoverahobby.com/meditation
Palm Reading,https://www.discoverahobby.com//uploads/activity/387_1563911080-304x207.jpg?token=8cfe069c9ad22f1fe16b37f30ceaad28,Spiritual & Mental,https://www.discoverahobby.com/palm-reading
Psychic,https://www.discoverahobby.com//uploads/activity/388_1563911025-304x207.jpg?token=a90db71d1368565f4f79e9c75bf7f92c,Spiritual & Mental,https://www.discoverahobby.com/psychic
Reiki,https://www.discoverahobby.com//uploads/activity/389_1563910943-304x207.jpg?token=97549cff56ce1d453e0d562550548a4f,Spiritual & Mental,https://www.discoverahobby.com/reiki
Tarot,https://www.discoverahobby.com//uploads/activity/390_1563397988-304x207.jpg?token=0e8b15114d7c6671fd19e9d0961eb808,Spiritual & Mental,https://www.discoverahobby.com/tarot
Compose Music,https://www.discoverahobby.com//uploads/activity/343_1563469641-304x207.jpg?token=862a2b331b757943165c6571e2fe30b9,Music,https://www.discoverahobby.com/compose-music
DJ,https://www.discoverahobby.com//uploads/activity/344_1563469626-304x207.jpg?token=ba165e02660c863f8f8ca929186ee5e4,Music,https://www.discoverahobby.com/dj
Mashups,https://www.discoverahobby.com//uploads/activity/345_1563469613-304x207.jpeg?token=77d5b4de4c6d4acfd745e3deca1c4d35,Music,https://www.discoverahobby.com/mashups
Rapping,https://www.discoverahobby.com//uploads/activity/346_1563469529-304x207.jpg?token=cdd6d2d74091d78fd742fec379792caa,Music,https://www.discoverahobby.com/rapping
Singing,https://www.discoverahobby.com//uploads/activity/347_1560836378-304x207.jpg?token=9bb0cbe6acec58442f0fd63c04c5ec3a,Music,https://www.discoverahobby.com/singing
Start A Band,https://www.discoverahobby.com//uploads/activity/348_1563469435-304x207.jpeg?token=a5cd0775b9ee59aeb11017a14fb0811e,Music,https://www.discoverahobby.com/start-a-band
African Djembe,https://www.discoverahobby.com//uploads/activity/350_1563469414-304x207.jpg?token=28ccc6f23ff0ff9a27d183049d9b69c8,Music,https://www.discoverahobby.com/african-djembe
Banjo,https://www.discoverahobby.com//uploads/activity/351_1564606095-304x207.jpg?token=01da2a787878002c48c3182388408761,Music,https://www.discoverahobby.com/banjo
Bass Guitar,https://www.discoverahobby.com//uploads/activity/352_1563469399-304x207.jpg?token=4d3e9805fcb6dd1552d608c40fbdb498,Music,https://www.discoverahobby.com/bass-guitar
Beat Box,https://www.discoverahobby.com//uploads/activity/353_1564605967-304x207.jpg?token=93a8d4396a6e8b12de76a72025a57430,Music,https://www.discoverahobby.com/beat-box
Conga - Bongo,https://www.discoverahobby.com//uploads/activity/354_1563469309-304x207.jpeg?token=8a52e43d043c6f5418b99e0ab87abc3d,Music,https://www.discoverahobby.com/conga-bongo
Drum Set,https://www.discoverahobby.com//uploads/activity/355_1563469289-304x207.jpeg?token=ca9e0ffd4bc8ad2605fe2ba9e4725482,Music,https://www.discoverahobby.com/drum-set
Guitar,https://www.discoverahobby.com//uploads/activity/356_1563469272-304x207.jpeg?token=42b56ca1bf19d3079163000a8b5a9217,Music,https://www.discoverahobby.com/guitar
Harmonica,https://www.discoverahobby.com//uploads/activity/357_1563469230-304x207.jpg?token=2743738159250d82e0ba05f293f11471,Music,https://www.discoverahobby.com/harmonica
Piano Keyboard,https://www.discoverahobby.com//uploads/activity/358_1563469213-304x207.jpg?token=e9445497ed6b7d5d44da865c42539b7c,Music,https://www.discoverahobby.com/piano-keyboard
Audiophile,https://www.discoverahobby.com//uploads/activity/360_1563469198-304x207.jpg?token=b78cadae956a6733f7d23dde6cbea17a,Music,https://www.discoverahobby.com/audiophile
Blues,https://www.discoverahobby.com//uploads/activity/361_1563469172-304x207.jpg?token=a53c98bc3a5e6b370462f771f855d72e,Music,https://www.discoverahobby.com/blues
Classical,https://www.discoverahobby.com//uploads/activity/362_1563469156-304x207.jpg?token=e935470b51b946f085cc2159b456418a,Music,https://www.discoverahobby.com/classical
Jazz,https://www.discoverahobby.com//uploads/activity/363_1563469141-304x207.jpg?token=98518dffbeadc47fc01f43458c4875a0,Music,https://www.discoverahobby.com/jazz
Musicals,https://www.discoverahobby.com//uploads/activity/364_1563469125-304x207.jpg?token=32fd6ae82e60386e8dd2292c1c9b906d,Music,https://www.discoverahobby.com/musicals
Opera,https://www.discoverahobby.com//uploads/activity/365_1563469110-304x207.jpg?token=dcceee433f68a2a71ae251436a0bf787,Music,https://www.discoverahobby.com/opera
Web Site Design,https://www.discoverahobby.com//uploads/activity/296_1563470675-304x207.jpeg?token=b3838a6ad99e7630b6b3c8d9685abe37,Model & Electronic ,https://www.discoverahobby.com/web-site-design
General Model Kits,https://www.discoverahobby.com//uploads/activity/297_1563470661-304x207.jpeg?token=614919147aa841d2c5e0b7f3fc51d813,Model & Electronic ,https://www.discoverahobby.com/general-model-kits
Model Airplanes,https://www.discoverahobby.com//uploads/activity/298_1563470646-304x207.jpeg?token=c371563d1fc1f935fba05c943f186559,Model & Electronic ,https://www.discoverahobby.com/model-airplanes
Model Cars,https://www.discoverahobby.com//uploads/activity/299_1563470557-304x207.jpeg?token=f59a7a22d0cafba9dff4dd13c30a84f4,Model & Electronic ,https://www.discoverahobby.com/model-cars
Model Railroading,https://www.discoverahobby.com//uploads/activity/300_1563470543-304x207.jpg?token=3cc79908ac95105c7a287c2e63b90aea,Model & Electronic ,https://www.discoverahobby.com/model-railroading
Model Rockets,https://www.discoverahobby.com//uploads/activity/301_1563470520-304x207.jpg?token=590238cd49beaa9ae3122efd29a5f105,Model & Electronic ,https://www.discoverahobby.com/model-rockets
Model Ship Boat Kits,https://www.discoverahobby.com//uploads/activity/302_1563470507-304x207.jpeg?token=181287169fef2ffe92980c091286b534,Model & Electronic ,https://www.discoverahobby.com/model-ship-boat-kits
Scale Miniature Building,https://www.discoverahobby.com//uploads/activity/303_1560836241-304x207.jpg?token=6a071800abf24e86d4b3bb05bb1097d7,Model & Electronic ,https://www.discoverahobby.com/scale-miniature-building
Automobile Restoration,https://www.discoverahobby.com//uploads/activity/304_1563470489-304x207.jpg?token=ba94c289686aa56239420bf7b5ac13b3,Model & Electronic ,https://www.discoverahobby.com/automobile-restoration
Ham Radio,https://www.discoverahobby.com//uploads/activity/305_1563487698-304x207.jpg?token=b2e38fa2195f1f9ee12a502668d36f5c,Model & Electronic ,https://www.discoverahobby.com/ham-radio
RC Boats,https://www.discoverahobby.com//uploads/activity/306_1563470435-304x207.jpg?token=0dc568800e499bbe8032082eb1ed01ad,Model & Electronic ,https://www.discoverahobby.com/rc-boats
RC Cars,https://www.discoverahobby.com//uploads/activity/307_1563470413-304x207.jpg?token=31a78610965a9fa8189dd7446b74798e,Model & Electronic ,https://www.discoverahobby.com/rc-cars
RC Helicopters,https://www.discoverahobby.com//uploads/activity/308_1563470358-304x207.jpg?token=62e54b3ab99ae912b01213a7a767efff,Model & Electronic ,https://www.discoverahobby.com/rc-helicopters
RC Planes,https://www.discoverahobby.com//uploads/activity/309_1563470171-304x207.jpg?token=18fd8b784a1646d946d4e890d512cb32,Model & Electronic ,https://www.discoverahobby.com/rc-planes
Robotics,https://www.discoverahobby.com//uploads/activity/310_1563470113-304x207.jpg?token=2abb9965308c16cf3b95ab3517b494a6,Model & Electronic ,https://www.discoverahobby.com/robotics
Modern Dance,https://www.discoverahobby.com//uploads/activity/314_1563470068-304x207.jpg?token=4965638a693964d9a3533b4fd710b114,Sports & Outdoors ,https://www.discoverahobby.com/modern-dance
Acrobatics,https://www.discoverahobby.com//uploads/activity/391_1563397973-304x207.jpg?token=c79a09e9e058b77e94dd5f0e634ea869,Sports & Outdoors ,https://www.discoverahobby.com/acrobatics
Acroyoga,https://www.discoverahobby.com//uploads/activity/392_1563397960-304x207.jpeg?token=ccef264b08aedd8b7ca497291a4a0444,Sports & Outdoors ,https://www.discoverahobby.com/acroyoga
Archery,https://www.discoverahobby.com//uploads/activity/393_1563397937-304x207.jpg?token=55847c55123c3a5aa1d6847a998dce83,Sports & Outdoors ,https://www.discoverahobby.com/archery
Badminton,https://www.discoverahobby.com//uploads/activity/394_1563397920-304x207.jpg?token=7a0bbbc30c18d5eeee89aa2611db25fc,Sports & Outdoors ,https://www.discoverahobby.com/badminton
Bodybuilding,https://www.discoverahobby.com//uploads/activity/395_1563397904-304x207.jpeg?token=29bae12db1ab380262d8a429c624fbd2,Sports & Outdoors ,https://www.discoverahobby.com/bodybuilding
Bowling,https://www.discoverahobby.com//uploads/activity/396_1563397885-304x207.jpg?token=550d7c7e1447ca7105fd43062e61dd63,Sports & Outdoors ,https://www.discoverahobby.com/bowling
Boxing,https://www.discoverahobby.com//uploads/activity/397_1563397870-304x207.jpg?token=29daabeb4c3b47f9adefebba2b445c52,Sports & Outdoors ,https://www.discoverahobby.com/boxing
Cardio Workout,https://www.discoverahobby.com//uploads/activity/398_1563397858-304x207.jpg?token=2ad78b6ae47c34c161a26a67110f60a8,Sports & Outdoors ,https://www.discoverahobby.com/cardio-workout
Cliff Diving,https://www.discoverahobby.com//uploads/activity/399_1563397842-304x207.jpeg?token=ab122ee5a555e4c4484d1b2ae0e574a1,Sports & Outdoors ,https://www.discoverahobby.com/cliff-diving
Croquet,https://www.discoverahobby.com//uploads/activity/400_1563397793-304x207.jpg?token=676da18c88d7c13d67aae92397477f3f,Sports & Outdoors ,https://www.discoverahobby.com/croquet
Cycling,https://www.discoverahobby.com//uploads/activity/401_1563397780-304x207.jpg?token=1aafe86abab871027e470a2cd815650e,Sports & Outdoors ,https://www.discoverahobby.com/cycling
Diving,https://www.discoverahobby.com//uploads/activity/402_1563397766-304x207.jpg?token=8b3f732b9f3bc2defffa06c0fb8c36b4,Sports & Outdoors ,https://www.discoverahobby.com/diving
Fencing,https://www.discoverahobby.com//uploads/activity/403_1563397751-304x207.jpg?token=4d448e76cdaac2576765d98e73781fb4,Sports & Outdoors ,https://www.discoverahobby.com/fencing
Golf,https://www.discoverahobby.com//uploads/activity/404_1563397738-304x207.jpeg?token=80e9420e848e795326631639e328824f,Sports & Outdoors ,https://www.discoverahobby.com/golf
Gymnastics,https://www.discoverahobby.com//uploads/activity/405_1563397725-304x207.jpeg?token=33162b8318fa967b685147c79c0f1cb9,Sports & Outdoors ,https://www.discoverahobby.com/gymnastics
Horseback Riding,https://www.discoverahobby.com//uploads/activity/406_1563397707-304x207.jpeg?token=9b992ed767966bef6e3385f4ac247c1c,Sports & Outdoors ,https://www.discoverahobby.com/horseback-riding
Ice Skating,https://www.discoverahobby.com//uploads/activity/407_1563397615-304x207.jpg?token=36b4513c116bf30710cc94c0fa91fe86,Sports & Outdoors ,https://www.discoverahobby.com/ice-skating
Inline Skating,https://www.discoverahobby.com//uploads/activity/408_1563397600-304x207.jpeg?token=fb5b74cf3a97d21471b462585505be47,Sports & Outdoors ,https://www.discoverahobby.com/inline-skating
Pilates,https://www.discoverahobby.com//uploads/activity/409_1563397585-304x207.jpeg?token=adfd8019c4aeea7a898bc7e317951872,Sports & Outdoors ,https://www.discoverahobby.com/pilates
Running,https://www.discoverahobby.com//uploads/activity/410_1563397536-304x207.jpeg?token=0cff1b90de581b95a0281389902f2549,Sports & Outdoors ,https://www.discoverahobby.com/running
Shooting Sports,https://www.discoverahobby.com//uploads/activity/411_1563397515-304x207.jpeg?token=b9f752738573fa7cd279922ecf137235,Sports & Outdoors ,https://www.discoverahobby.com/shooting-sports
Squash,https://www.discoverahobby.com//uploads/activity/412_1563397499-304x207.jpg?token=32b6106be28f71543f86a1808be38278,Sports & Outdoors ,https://www.discoverahobby.com/squash
Swimming,https://www.discoverahobby.com//uploads/activity/413_1563397484-304x207.jpg?token=a900b609ec66a7f424947ac21a06748d,Sports & Outdoors ,https://www.discoverahobby.com/swimming
Tai Chi,https://www.discoverahobby.com//uploads/activity/414_1563397470-304x207.jpg?token=88e4c28c389fd58d3a1af32bce01f497,Sports & Outdoors ,https://www.discoverahobby.com/tai-chi
Tennis,https://www.discoverahobby.com//uploads/activity/415_1563397452-304x207.jpg?token=90ce0841aad3d7c23baf6ac4ff65bb09,Sports & Outdoors ,https://www.discoverahobby.com/tennis
Triathlon,https://www.discoverahobby.com//uploads/activity/416_1563397435-304x207.jpg?token=e5a94042b451f585b5957daf3815ac7e,Sports & Outdoors ,https://www.discoverahobby.com/triathlon
Weight Training,https://www.discoverahobby.com//uploads/activity/417_1563397422-304x207.jpg?token=b6fcef8a09bbd5774937a8d672b04cc8,Sports & Outdoors ,https://www.discoverahobby.com/weight-training
Yoga,https://www.discoverahobby.com//uploads/activity/418_1563397409-304x207.jpg?token=1a3fa694d0a684a02ee90943b769094c,Sports & Outdoors ,https://www.discoverahobby.com/yoga
Backpacking Travel,https://www.discoverahobby.com//uploads/activity/419_1563397392-304x207.jpg?token=0d6c9a5c66a03950dfc47d3cd23f53d9,Sports & Outdoors ,https://www.discoverahobby.com/backpacking-travel
Birdwatching,https://www.discoverahobby.com//uploads/activity/420_1563397273-304x207.jpeg?token=cd6d4d4f9b5d275ffda34da741dc761b,Sports & Outdoors ,https://www.discoverahobby.com/birdwatching
Camping,https://www.discoverahobby.com//uploads/activity/421_1563397224-304x207.jpg?token=c0c8fb44e04b7603e22de98d05184007,Sports & Outdoors ,https://www.discoverahobby.com/camping
Fishing,https://www.discoverahobby.com//uploads/activity/422_1563397022-304x207.jpeg?token=113086523db858a5fe7a04b87a1dc5a9,Sports & Outdoors ,https://www.discoverahobby.com/fishing
Ballet,https://www.discoverahobby.com//uploads/activity/311_1563470099-304x207.jpg?token=8962a8aea77cc52a2d3eb3e47db14c93,Performing Arts,https://www.discoverahobby.com/ballet
Break Dancing,https://www.discoverahobby.com//uploads/activity/312_1563470085-304x207.jpg?token=ebbe81478f551fe9b23fd9facb8bfeb1,Performing Arts,https://www.discoverahobby.com/break-dancing
Line Dancing,https://www.discoverahobby.com//uploads/activity/313_1564605545-304x207.jpg?token=4b5c1f2cd8df91a4518155dec358e3b2,Performing Arts,https://www.discoverahobby.com/line-dancing
Pole Dancing,https://www.discoverahobby.com//uploads/activity/315_1563476364-304x207.jpg?token=a89c8b4fedb32a941c8cd88cf0c349f6,Performing Arts,https://www.discoverahobby.com/pole-dancing
Salsa,https://www.discoverahobby.com//uploads/activity/316_1563470040-304x207.jpeg?token=0ab9c9dbb2e8e50289d2ba02ad5f9072,Performing Arts,https://www.discoverahobby.com/salsa
Swing,https://www.discoverahobby.com//uploads/activity/317_1563470026-304x207.jpg?token=835ca3cab9426c3c342cf1febffaca4c,Performing Arts,https://www.discoverahobby.com/swing
Tango,https://www.discoverahobby.com//uploads/activity/318_1563470010-304x207.jpeg?token=151360e70f73859efc75d8f635408292,Performing Arts,https://www.discoverahobby.com/tango
Waltz,https://www.discoverahobby.com//uploads/activity/319_1564605781-304x207.jpg?token=b3c0c6ec60bded74a295d7eca615337d,Performing Arts,https://www.discoverahobby.com/waltz
Acting,https://www.discoverahobby.com//uploads/activity/320_1563469735-304x207.jpg?token=94b8cea2ddd1a452b1a05aa7582e35ce,Performing Arts,https://www.discoverahobby.com/acting
Historical Reenactments,https://www.discoverahobby.com//uploads/activity/321_1563469721-304x207.jpg?token=15760780687e8d84dc8d9054965b1ed0,Performing Arts,https://www.discoverahobby.com/historical-reenactments
Juggling,https://www.discoverahobby.com//uploads/activity/322_1563469705-304x207.jpg?token=47d32c67b61ef663f7e4ee6da79dd0f7,Performing Arts,https://www.discoverahobby.com/juggling
Magic Tricks,https://www.discoverahobby.com//uploads/activity/323_1563469688-304x207.jpeg?token=18429ea1e19d02255826b10faede5991,Performing Arts,https://www.discoverahobby.com/magic-tricks
Puppetry,https://www.discoverahobby.com//uploads/activity/324_1563469673-304x207.jpeg?token=b891fa782a009c2f1bef95efbd79ee8e,Performing Arts,https://www.discoverahobby.com/puppetry
Stand Up Comedy,https://www.discoverahobby.com//uploads/activity/325_1563469658-304x207.jpg?token=3d142dfa468892b4f10f77d9251aed0f,Performing Arts,https://www.discoverahobby.com/stand-up-comedy
Action Figures,https://www.discoverahobby.com//uploads/activity/195_1563476149-304x207.jpg?token=00c8525fae8665242cd80f158924123b,Collecting ,https://www.discoverahobby.com/action-figures
Antiques,https://www.discoverahobby.com//uploads/activity/196_1562570786-304x207.jpg?token=58ade3f8b125941dcf9d504e47d6ff63,Collecting ,https://www.discoverahobby.com/antiques
Car Collecting,https://www.discoverahobby.com//uploads/activity/197_1562577477-304x207.jpg?token=6a939cfc145271ec1eba7b8cc9cf300e,Collecting ,https://www.discoverahobby.com/car-collecting
Comic Books,https://www.discoverahobby.com//uploads/activity/198_1563475971-304x207.jpg?token=ab838a040be2e5facb91c7435ab08446,Collecting ,https://www.discoverahobby.com/comic-books
Doll Collecting,https://www.discoverahobby.com//uploads/activity/199_1562577907-304x207.jpg?token=666fc21f03c4356ab5dee8d55c17f345,Collecting ,https://www.discoverahobby.com/doll-collecting
Gun and Pistols,https://www.discoverahobby.com//uploads/activity/200_1562578032-304x207.jpg?token=9ea7635a5f7e7d41e746b5431869d9f1,Collecting ,https://www.discoverahobby.com/gun-and-pistols
Keychain Collecting,https://www.discoverahobby.com//uploads/activity/201_1562578128-304x207.jpg?token=2f978238945395f18fe54cf11281dedc,Collecting ,https://www.discoverahobby.com/keychain-collecting
Model Diecast Cars,https://www.discoverahobby.com//uploads/activity/202_1562578257-304x207.jpg?token=0d39f441e19c96571b44a0e88163d2ce,Collecting ,https://www.discoverahobby.com/model-diecast-cars
Music Memorabilia,https://www.discoverahobby.com//uploads/activity/203_1562578357-304x207.jpg?token=5f6d74639a8a23f9be9bef5f21cbdaab,Collecting ,https://www.discoverahobby.com/music-memorabilia
Sports Collectibles,https://www.discoverahobby.com//uploads/activity/204_1563475861-304x207.jpg?token=3a04c58365ab800e9585655dd2906305,Collecting ,https://www.discoverahobby.com/sports-collectibles
Stamp Collecting,https://www.discoverahobby.com//uploads/activity/205_1563475823-304x207.jpg?token=60010f6538bc6d66f6f179e0e5010245,Collecting ,https://www.discoverahobby.com/stamp-collecting
Watch Collecting,https://www.discoverahobby.com//uploads/activity/206_1563475785-304x207.jpg?token=f2eccc0b2eb4b5d30035dfb49cf77315,Collecting ,https://www.discoverahobby.com/watch-collecting
Amateur Geology,https://www.discoverahobby.com//uploads/activity/207_1562571656-304x207.jpg?token=c072cf45d81c6543ef8d48d500138fc6,Collecting ,https://www.discoverahobby.com/amateur-geology
Autograph Collecting,https://www.discoverahobby.com//uploads/activity/208_1563475694-304x207.jpg?token=7754c53b882f7b71497aa8f11ec2d49b,Collecting ,https://www.discoverahobby.com/autograph-collecting
Coin Collecting,https://www.discoverahobby.com//uploads/activity/209_1562577841-304x207.jpg?token=60c9bf26f51dff8a39e082a9d5546d29,Collecting ,https://www.discoverahobby.com/coin-collecting
Concert Posters,https://www.discoverahobby.com//uploads/activity/210_1563475642-304x207.jpg?token=1232f4a31ff51f27bd21f5925637878d,Collecting ,https://www.discoverahobby.com/concert-posters
Fine Art Collecting,https://www.discoverahobby.com//uploads/activity/211_1562577976-304x207.jpg?token=cfe8c9ed98957dedc46b66df1488b178,Collecting ,https://www.discoverahobby.com/fine-art-collecting
Hot Wheel and Matchbox Cars,https://www.discoverahobby.com//uploads/activity/212_1562578056-304x207.jpg?token=42a9ceac81897f1c0b70e51e60d6624c,Collecting ,https://www.discoverahobby.com/hot-wheel-and-matchbox-cars
Manga,https://www.discoverahobby.com//uploads/activity/213_1562578200-304x207.jpg?token=6767563e0fee6e0bb0e9c9d047382c1e,Collecting ,https://www.discoverahobby.com/manga
Movie Memorabilia,https://www.discoverahobby.com//uploads/activity/214_1562578281-304x207.jpg?token=df89aff28d6463c890078cd78f97095c,Collecting ,https://www.discoverahobby.com/movie-memorabilia
Spoon Collecting,https://www.discoverahobby.com//uploads/activity/215_1563475499-304x207.jpg?token=56a18023ff22ac7f5ce219c7b4d9e937,Collecting ,https://www.discoverahobby.com/spoon-collecting
Sports Trading Cards,https://www.discoverahobby.com//uploads/activity/216_1563487506-304x207.jpg?token=6886c68812d6de0b340607178a2b9d04,Collecting ,https://www.discoverahobby.com/sports-trading-cards
Vinyl Records,https://www.discoverahobby.com//uploads/activity/217_1563474995-304x207.jpg?token=49ba6707872a6ea8c483c4691a262d16,Collecting ,https://www.discoverahobby.com/vinyl-records
Fly Fishing,https://www.discoverahobby.com//uploads/activity/423_1563397005-304x207.jpg?token=0fb5dd58c7aab1ee0c208fb7742ed6c1,Sports & Outdoors ,https://www.discoverahobby.com/fly-fishing
Hiking,https://www.discoverahobby.com//uploads/activity/424_1563396993-304x207.jpg?token=166a45f2cb0f0a95fb30733a65be05a7,Sports & Outdoors ,https://www.discoverahobby.com/hiking
Hunting,https://www.discoverahobby.com//uploads/activity/425_1609263055-304x207.jpg?token=fc9f1b85d56ead1d7b5caa5a34c1b2d9,Sports & Outdoors ,https://www.discoverahobby.com/hunting
Ice Fishing,https://www.discoverahobby.com//uploads/activity/426_1563396955-304x207.jpeg?token=c36b38b4738ccc864334546ec8936017,Sports & Outdoors ,https://www.discoverahobby.com/ice-fishing
Kayak and Canoe,https://www.discoverahobby.com//uploads/activity/427_1563396938-304x207.jpg?token=7f1d00ea2f3f6a75cf8b14b5b1eb3a30,Sports & Outdoors ,https://www.discoverahobby.com/kayak-and-canoe
Mountain Biking,https://www.discoverahobby.com//uploads/activity/428_1563396917-304x207.jpeg?token=b2499d72a5bdcb1722c8fed12b16874b,Sports & Outdoors ,https://www.discoverahobby.com/mountain-biking
Mountaineering,https://www.discoverahobby.com//uploads/activity/429_1563396892-304x207.jpg?token=fdd2668dfb0043d43978be0d4fea95c3,Sports & Outdoors ,https://www.discoverahobby.com/mountaineering
Paintball,https://www.discoverahobby.com//uploads/activity/430_1563396803-304x207.jpg?token=4f91cbf9e4b742f766b84688739b1c39,Sports & Outdoors ,https://www.discoverahobby.com/paintball
Parkour - Freerunning,https://www.discoverahobby.com//uploads/activity/431_1563396782-304x207.jpeg?token=f39621150602bc625fecfb130a9d25cd,Sports & Outdoors ,https://www.discoverahobby.com/parkour-freerunning
River Rafting,https://www.discoverahobby.com//uploads/activity/432_1563396654-304x207.jpg?token=7e54c93553e24e4a12f078bfcc8458ba,Sports & Outdoors ,https://www.discoverahobby.com/river-rafting
Rock Climbing,https://www.discoverahobby.com//uploads/activity/433_1563396423-304x207.jpeg?token=a3ae2d2e3b97a453bf0b96c853331a90,Sports & Outdoors ,https://www.discoverahobby.com/rock-climbing
RV Travelling,https://www.discoverahobby.com//uploads/activity/434_1563396403-304x207.jpg?token=b72ed82b227792100d93790ab01519fb,Sports & Outdoors ,https://www.discoverahobby.com/rv-travelling
Sailing,https://www.discoverahobby.com//uploads/activity/435_1563396385-304x207.jpg?token=e858ce22f8333168be65ef3d1df5c9f4,Sports & Outdoors ,https://www.discoverahobby.com/sailing
Scuba Diving,https://www.discoverahobby.com//uploads/activity/436_1563396370-304x207.jpeg?token=db47ab832809c9e90e0f5f4ce6dcf99f,Sports & Outdoors ,https://www.discoverahobby.com/scuba-diving
Shark Diving,https://www.discoverahobby.com//uploads/activity/437_1563396355-304x207.jpg?token=72bedf6eb4fd9ac8f633a35dc2b0c464,Sports & Outdoors ,https://www.discoverahobby.com/shark-diving
Snow Skiing,https://www.discoverahobby.com//uploads/activity/438_1563396337-304x207.jpg?token=83e5eeb6215687e07f26506cb24375c9,Sports & Outdoors ,https://www.discoverahobby.com/snow-skiing
Water Ski,https://www.discoverahobby.com//uploads/activity/439_1563396320-304x207.jpeg?token=07ab9b55bc0ba8bed61e7b273dadce21,Sports & Outdoors ,https://www.discoverahobby.com/water-ski
Aikido,https://www.discoverahobby.com//uploads/activity/440_1563487822-304x207.jpg?token=cbd0629534f066ac64dcbd87239615f3,Sports & Outdoors ,https://www.discoverahobby.com/aikido
Capoeira,https://www.discoverahobby.com//uploads/activity/441_1563910787-304x207.jpeg?token=934dbcf4bd718f837385a9189b3169c2,Sports & Outdoors ,https://www.discoverahobby.com/capoeira
General Martial Arts,https://www.discoverahobby.com//uploads/activity/442_1563396282-304x207.jpg?token=a7354a097e8f2d5f3fbc8398f135b858,Sports & Outdoors ,https://www.discoverahobby.com/general-martial-arts
Jiu Jitsu,https://www.discoverahobby.com//uploads/activity/443_1563396245-304x207.jpg?token=a8dad4bc5b5bfab1ce04ab25ffd2bc8a,Sports & Outdoors ,https://www.discoverahobby.com/jiu-jitsu
Judo,https://www.discoverahobby.com//uploads/activity/444_1563910896-304x207.jpg?token=8e78684dbe3ae8cf43c2b0ecda066b94,Sports & Outdoors ,https://www.discoverahobby.com/judo
Karate,https://www.discoverahobby.com//uploads/activity/445_1563396201-304x207.jpg?token=54745aa2bfbd801538d69616a96baa21,Sports & Outdoors ,https://www.discoverahobby.com/karate
Kung Fu,https://www.discoverahobby.com//uploads/activity/446_1563910231-304x207.jpg?token=f7a34bf556a3956f12b79aa46b492f82,Sports & Outdoors ,https://www.discoverahobby.com/kung-fu
MMA - Mixed Martial Arts,https://www.discoverahobby.com//uploads/activity/447_1563396167-304x207.jpg?token=a6d5a47c32e16020e14078c5a7bb715c,Sports & Outdoors ,https://www.discoverahobby.com/mma-mixed-martial-arts
Taekwondo,https://www.discoverahobby.com//uploads/activity/448_1563396142-304x207.jpg?token=3d528bc30727a3563f7c262400878e0e,Sports & Outdoors ,https://www.discoverahobby.com/taekwondo
Airplane Combat,https://www.discoverahobby.com//uploads/activity/449_1563396126-304x207.jpg?token=4e1dcf88c6f3c9354fa7bece32a72b6c,Sports & Outdoors ,https://www.discoverahobby.com/airplane-combat
Airplane Flight,https://www.discoverahobby.com//uploads/activity/450_1563396087-304x207.jpg?token=1ef3205de558036a542fa92710d81eef,Sports & Outdoors ,https://www.discoverahobby.com/airplane-flight
Base Jumping,https://www.discoverahobby.com//uploads/activity/451_1563396061-304x207.jpg?token=85fc203a2174378147c73e9a4c1c0530,Sports & Outdoors ,https://www.discoverahobby.com/base-jumping
Hang Gliding,https://www.discoverahobby.com//uploads/activity/452_1563396040-304x207.jpeg?token=69d348813feb60c10494ddedb673c567,Sports & Outdoors ,https://www.discoverahobby.com/hang-gliding
Paragliding,https://www.discoverahobby.com//uploads/activity/453_1563476470-304x207.jpg?token=2c25b408c0fd5b0109419267dbd37c22,Sports & Outdoors ,https://www.discoverahobby.com/paragliding
Skydiving,https://www.discoverahobby.com//uploads/activity/454_1563396014-304x207.jpg?token=d51c933c8bd52d48a872ea2281b53d6b,Sports & Outdoors ,https://www.discoverahobby.com/skydiving
Wingsuit Flying,https://www.discoverahobby.com//uploads/activity/455_1563487757-304x207.jpg?token=a92de421dd83ed95aa46e798ea33e2fd,Sports & Outdoors ,https://www.discoverahobby.com/wingsuit-flying
Kitesurfing,https://www.discoverahobby.com//uploads/activity/456_1563395905-304x207.jpeg?token=eb8dab72fd7ff0d39b342c58522b5baf,Sports & Outdoors ,https://www.discoverahobby.com/kitesurfing
Sandboarding,https://www.discoverahobby.com//uploads/activity/457_1563395880-304x207.jpg?token=c20ecfb0add3d6bb2921718265e92ff0,Sports & Outdoors ,https://www.discoverahobby.com/sandboarding
Skateboarding,https://www.discoverahobby.com//uploads/activity/458_1563395860-304x207.jpg?token=f36a9c6e663d5205d7a842e16dd7569c,Sports & Outdoors ,https://www.discoverahobby.com/skateboarding
Snowboarding,https://www.discoverahobby.com//uploads/activity/459_1563395838-304x207.jpg?token=e928cf8e52713bf4d957c826db1390ac,Sports & Outdoors ,https://www.discoverahobby.com/snowboarding
Surfing,https://www.discoverahobby.com//uploads/activity/460_1563395793-304x207.jpg?token=bfe56b08c637bf854d385761514b5c85,Sports & Outdoors ,https://www.discoverahobby.com/surfing
Wakeboarding,https://www.discoverahobby.com//uploads/activity/461_1563395772-304x207.jpeg?token=f5c85ca8f892097f8ff7a79a4324f0af,Sports & Outdoors ,https://www.discoverahobby.com/wakeboarding
Windsurfing,https://www.discoverahobby.com//uploads/activity/462_1563395750-304x207.jpg?token=2eadb3d5fbd57c6fb347919528f28ecb,Sports & Outdoors ,https://www.discoverahobby.com/windsurfing
Autoracing,https://www.discoverahobby.com//uploads/activity/463_1563395703-304x207.jpg?token=0c23600a6147612ac6894e71b352a000,Sports & Outdoors ,https://www.discoverahobby.com/autoracing
Go Karts,https://www.discoverahobby.com//uploads/activity/464_1563395657-304x207.jpeg?token=a9a1e2765143c3894180d78451b8738f,Sports & Outdoors ,https://www.discoverahobby.com/go-karts
Motocross,https://www.discoverahobby.com//uploads/activity/465_1563395600-304x207.jpeg?token=4c485e8c8bc8dd5bc3be650ad0b4bbd3,Sports & Outdoors ,https://www.discoverahobby.com/motocross
Motorcycle - Touring,https://www.discoverahobby.com//uploads/activity/466_1563395549-304x207.jpg?token=059b4445b3b5f2d040254828c63f2514,Sports & Outdoors ,https://www.discoverahobby.com/motorcycle-touring
Motorcycle Stunts,https://www.discoverahobby.com//uploads/activity/467_1563395509-304x207.jpg?token=8bef2aaeb12deb6ad3af8f1ac5978fb3,Sports & Outdoors ,https://www.discoverahobby.com/motorcycle-stunts
Off Road Driving,https://www.discoverahobby.com//uploads/activity/468_1563395361-304x207.jpg?token=d2eae872a07454ee7f4883470aeed711,Sports & Outdoors ,https://www.discoverahobby.com/off-road-driving
Snow Mobiling,https://www.discoverahobby.com//uploads/activity/469_1563395089-304x207.jpg?token=8ff02d1e4f45485b3cab14ce5f339c6c,Sports & Outdoors ,https://www.discoverahobby.com/snow-mobiling
Fantasy Football,https://www.discoverahobby.com//uploads/activity/472_1571249891-304x207.jpg?token=d8293946a635c6f76c0d8f29226b983e,Sports & Outdoors ,https://www.discoverahobby.com/fantasy-football
Arcade Games,https://www.discoverahobby.com//uploads/activity/244_1563472726-304x207.jpg?token=61048aad164ff41ccea07d16a8273aa9,Games ,https://www.discoverahobby.com/arcade-games
Billiards-Pool,https://www.discoverahobby.com//uploads/activity/245_1563472629-304x207.jpg?token=7b1f8648f1995192b83cce96c5d1311f,Games ,https://www.discoverahobby.com/billiards-pool
Bridge,https://www.discoverahobby.com//uploads/activity/246_1563476958-304x207.jpg?token=fc5c592cd9d99b9a62bd73ea53f1e49e,Games ,https://www.discoverahobby.com/bridge
Card Tricks,https://www.discoverahobby.com//uploads/activity/247_1563472572-304x207.jpg?token=8cf93f85d75af37c371fd73ca91efe91,Games ,https://www.discoverahobby.com/card-tricks
Dominoes,https://www.discoverahobby.com//uploads/activity/248_1562577925-304x207.jpg?token=914db46807a738d030bd23fafb631c97,Games ,https://www.discoverahobby.com/dominoes
Geocaching,https://www.discoverahobby.com//uploads/activity/249_1563487637-304x207.jpg?token=b03093e81cd0a5dcc13b001c871bba76,Games ,https://www.discoverahobby.com/geocaching
Kite Flying Making,https://www.discoverahobby.com//uploads/activity/250_1562578153-304x207.jpg?token=e79162faf7ad4f123beee06a4cf8860f,Games ,https://www.discoverahobby.com/kite-flying-making
Mah Jong,https://www.discoverahobby.com//uploads/activity/251_1563476708-304x207.jpg?token=c714ba9ad865869bd1948a37103a7b7d,Games ,https://www.discoverahobby.com/mah-jong
Poker,https://www.discoverahobby.com//uploads/activity/252_1562578513-304x207.jpg?token=a3976abd077d68bb35b96ad54218c834,Games ,https://www.discoverahobby.com/poker
Table Tennis - Ping Pong,https://www.discoverahobby.com//uploads/activity/253_1563472426-304x207.jpg?token=3faaac25aaefff24aa1ec287e1fa37df,Games ,https://www.discoverahobby.com/table-tennis-ping-pong
Ball and Jacks,https://www.discoverahobby.com//uploads/activity/254_1563487566-304x207.jpg?token=4586d60bcdca50f92fff9d8d5f3a44ae,Games ,https://www.discoverahobby.com/ball-and-jacks
Board Games,https://www.discoverahobby.com//uploads/activity/255_1563472261-304x207.jpeg?token=e2f1651721c4edee990a17fab4bdd577,Games ,https://www.discoverahobby.com/board-games
Card Games,https://www.discoverahobby.com//uploads/activity/256_1562577799-304x207.jpg?token=5d9d7e37df0f07378a00d84200cf2abb,Games ,https://www.discoverahobby.com/card-games
Chess,https://www.discoverahobby.com//uploads/activity/257_1563471902-304x207.jpg?token=ca26b4d48f7270bda3937bb50fdeadba,Games ,https://www.discoverahobby.com/chess
Foosball,https://www.discoverahobby.com//uploads/activity/258_1562577995-304x207.jpg?token=a1d27df98e18b94de612662d00a32857,Games ,https://www.discoverahobby.com/foosball
Jigsaw Puzzles,https://www.discoverahobby.com//uploads/activity/259_1562578107-304x207.jpg?token=6b6c181ec0e441519677912dc9e0047b,Games ,https://www.discoverahobby.com/jigsaw-puzzles
Letterboxing,https://www.discoverahobby.com//uploads/activity/260_1563487671-304x207.jpg?token=c5655f28aa672c384f5e1a61367c88aa,Games ,https://www.discoverahobby.com/letterboxing
Pinball Machines,https://www.discoverahobby.com//uploads/activity/261_1563476860-304x207.jpg?token=a1ee71f4e9308352c5f3249e8c142322,Games ,https://www.discoverahobby.com/pinball-machines
Rubiks Cube,https://www.discoverahobby.com//uploads/activity/262_1562578553-304x207.jpg?token=9766346929eb1bacd284554fad5b9c2e,Games ,https://www.discoverahobby.com/rubiks-cube
Video Games,https://www.discoverahobby.com//uploads/activity/263_1564695053-304x207.jpg?token=e70b175346f35f3b6552ac7d743446a2,Games ,https://www.discoverahobby.com/video-games
Bartending,https://www.discoverahobby.com//uploads/activity/264_1563471624-304x207.jpg?token=ab1b9de98ba07922101d560c12b8984e,Food & Drinks,https://www.discoverahobby.com/bartending
Beer Tasting,https://www.discoverahobby.com//uploads/activity/265_1563471606-304x207.jpg?token=58352b71edb6cdafae1ac0e73a734bdb,Food & Drinks,https://www.discoverahobby.com/beer-tasting
Cigar Smoking and Rolling,https://www.discoverahobby.com//uploads/activity/266_1563471547-304x207.jpeg?token=a2369a4e184399f025004d137cb70ee5,Food & Drinks,https://www.discoverahobby.com/cigar-smoking-and-rolling
Competitive Eating,https://www.discoverahobby.com//uploads/activity/267_1564695231-304x207.jpg?token=b87e7073dd60ee9e26ee02c5a425ebfb,Food & Drinks,https://www.discoverahobby.com/competitive-eating
Grilling,https://www.discoverahobby.com//uploads/activity/268_1563471354-304x207.jpg?token=b6c005c9e14bdd4bf161f63f19cb5df7,Food & Drinks,https://www.discoverahobby.com/grilling
Liquor Distillation,https://www.discoverahobby.com//uploads/activity/269_1563471300-304x207.jpg?token=b4fefcb86cd6ddd839621f0ee24524b7,Food & Drinks,https://www.discoverahobby.com/liquor-distillation
Sake Tasting,https://www.discoverahobby.com//uploads/activity/270_1563471285-304x207.jpg?token=f4e943f5aec9064e6bf5bab173cb9458,Food & Drinks,https://www.discoverahobby.com/sake-tasting
Sushi Making,https://www.discoverahobby.com//uploads/activity/271_1563471271-304x207.jpg?token=048c834806bf8b8136e862624c1383e8,Food & Drinks,https://www.discoverahobby.com/sushi-making
Tequila Tasting,https://www.discoverahobby.com//uploads/activity/272_1563471255-304x207.jpeg?token=bb76c5f7cef16df389e5b2fc40cb0e04,Food & Drinks,https://www.discoverahobby.com/tequila-tasting
Wine Making,https://www.discoverahobby.com//uploads/activity/273_1563471238-304x207.jpg?token=cccb4a7431ca10bc6017483d41818a95,Food & Drinks,https://www.discoverahobby.com/wine-making
Beer Brewing,https://www.discoverahobby.com//uploads/activity/274_1563471223-304x207.jpeg?token=27f4467e0d1f0c85869edaa45511f26b,Food & Drinks,https://www.discoverahobby.com/beer-brewing
Cheese Tasting,https://www.discoverahobby.com//uploads/activity/275_1563471208-304x207.jpeg?token=259cd50f8656d6ada168fe050f16ba67,Food & Drinks,https://www.discoverahobby.com/cheese-tasting
Coffee Roasting,https://www.discoverahobby.com//uploads/activity/276_1563471193-304x207.jpeg?token=6bd2b5b530f2e8d69266e81479df1922,Food & Drinks,https://www.discoverahobby.com/coffee-roasting
Cooking,https://www.discoverahobby.com//uploads/activity/277_1562577885-304x207.jpg?token=144545bc01ece9bc7f77804f8fd993d3,Food & Drinks,https://www.discoverahobby.com/cooking
Hookah Smoking,https://www.discoverahobby.com//uploads/activity/278_1563471178-304x207.jpg?token=316386fd1cee45ca3d0b081615b7a8ea,Food & Drinks,https://www.discoverahobby.com/hookah-smoking
Pipe Smoking,https://www.discoverahobby.com//uploads/activity/279_1563471041-304x207.jpg?token=8e3d2810c4813032fdc5610564d7c121,Food & Drinks,https://www.discoverahobby.com/pipe-smoking
Spirits-Liquor Tasting,https://www.discoverahobby.com//uploads/activity/280_1563471027-304x207.jpg?token=023dcbb526dbc951585fccd46c11e097,Food & Drinks,https://www.discoverahobby.com/spirits-liquor-tasting
Tea Drinking,https://www.discoverahobby.com//uploads/activity/281_1563471011-304x207.jpeg?token=a0ae2eb9a3c6a56ccfa744b929053ad2,Food & Drinks,https://www.discoverahobby.com/tea-drinking
Whiskey - Scotch Tasting,https://www.discoverahobby.com//uploads/activity/282_1563470996-304x207.jpg?token=0769d168e130572762758e9408502847,Food & Drinks,https://www.discoverahobby.com/whiskey-scotch-tasting
Wine Tasting,https://www.discoverahobby.com//uploads/activity/283_1563470982-304x207.jpg?token=f0dbe2a148f7a79f87edb64d847d0644,Food & Drinks,https://www.discoverahobby.com/wine-tasting
